325,23.31,23.25,23.06,23.13,23.19,23.31,23.38
565,23.31,23.25,23.06,23.13,23.19,23.31,23.31


1038,23.25,23.25,23.06,23.13,23.19,23.31,23.31


3211,23.25,23.25,23.06,23.19,23.19,23.25,23.31


5383,23.25,23.25,23.06,23.13,23.19,23.25,23.38


7556,23.31,23.25,23.06,23.19,23.19,23.31,23.38


9728,23.31,23.25,23.06,23.19,23.19,23.25,23.38


11900,23.31,23.25,23.06,23.19,23.19,23.31,23.38


14072,23.31,23.19,23.06,23.19,23.13,23.31,23.44


16245,23.25,23.19,23.06,23.19,23.13,23.31,25.44

18418,23.31,23.25,23.06,23.19,23.13,23.31,-127.00

20092,23.31,23.19,23.06,23.19,23.13,23.25,-127.00


21766,23.31,23.19,23.06,23.19,23.13,23.31,-127.00

24188,23.31,23.25,23.06,23.13,23.19,23.31,-127.00

26049,23.38,23.19,23.13,23.19,23.13,23.13,-127.00

27721,23.31,23.13,23.19,23.13,23.13,23.06,-127.00

29394,23.31,23.13,23.25,23.13,23.06,23.06,-127.00

31067,23.31,23.13,23.25,23.13,23.13,23.06,-127.00

32739,23.31,23.13,23.25,23.13,23.13,23.06,-127.00

34411,23.38,23.13,23.19,23.13,23.13,23.06,-127.00

36084,23.31,23.13,23.19,23.13,23.13,23.06,-127.00

37756,23.31,23.06,23.25,23.13,23.13,23.06,-127.00

39429,23.31,23.06,23.25,23.19,23.13,23.13,-127.00

41102,23.31,23.19,23.19,23.13,23.13,23.13,-127.00

42774,23.31,23.13,23.19,23.13,23.13,23.13,-127.00

44446,23.38,23.13,23.19,23.13,23.13,23.19,-127.00

46119,23.38,23.13,23.19,23.13,23.13,23.13,-127.00

47792,23.38,23.13,23.25,23.13,23.13,23.31,-127.00

49465,23.31,23.19,23.06,23.13,23.13,23.38,-127.00

51138,23.31,23.25,23.06,23.19,23.13,23.38,-127.00

52812,23.31,23.19,23.06,23.19,23.19,23.38,-127.00

54487,23.31,23.25,23.13,23.19,23.19,23.38,-127.00


56161,23.31,23.19,23.06,23.13,23.19,23.38,40.88


58346,23.31,23.19,23.06,23.13,23.19,23.38,40.00


60531,23.31,23.25,23.06,23.19,23.13,23.38,39.56


62716,23.31,23.25,23.06,23.19,23.19,23.38,39.50


64902,23.31,23.25,23.06,23.19,23.19,23.38,39.50


67087,23.31,23.25,23.06,23.19,23.19,23.38,39.56


69272,23.38,23.25,23.06,23.19,23.19,23.38,39.63


71457,23.31,23.25,23.13,23.19,23.19,23.38,39.69


73643,23.31,23.25,23.06,23.19,23.19,23.38,39.75


75828,23.38,23.25,23.13,23.19,23.19,23.38,39.81

78013,23.31,23.25,23.06,23.19,23.19,23.38,-127.00


80077,23.31,23.25,23.06,23.19,23.19,23.38,39.94


82263,23.38,23.25,23.06,23.25,23.19,23.50,40.00


84448,23.38,23.25,23.06,23.19,23.25,23.50,40.06


86633,23.38,23.25,23.06,23.25,23.31,23.63,40.19


88818,23.44,23.31,23.13,23.38,23.31,23.63,40.31


91003,23.50,23.44,23.06,23.44,23.38,23.75,40.31


93188,23.50,23.56,23.13,23.50,23.44,23.75,40.44


95373,23.63,23.63,23.06,23.56,23.50,23.81,40.50


97558,23.69,23.81,23.13,23.69,23.50,23.88,40.63


99743,23.75,23.94,23.19,23.75,23.56,23.88,40.63


101929,23.81,24.06,23.19,23.81,23.56,23.94,40.75


104115,23.88,24.13,23.25,23.81,23.56,23.94,40.81


106300,23.88,24.25,23.19,23.81,23.63,23.94,40.88


108486,24.00,24.25,23.25,23.81,23.63,24.00,41.00


110671,23.94,24.31,23.25,23.81,23.63,24.00,41.06


112858,24.00,24.31,23.25,23.81,23.63,24.00,41.06


115043,24.06,24.31,23.31,23.81,23.69,23.94,41.19


117228,24.00,24.31,23.25,23.81,23.69,24.00,41.19


119414,24.00,24.38,23.25,23.81,23.69,24.00,41.19


121600,24.00,24.38,23.31,23.81,23.69,24.00,41.19


123786,24.06,24.38,23.25,23.88,23.69,24.00,41.25


125971,24.06,24.38,23.31,23.81,23.69,23.94,41.25


128157,24.06,24.31,23.31,23.81,23.69,24.00,41.31


130342,24.06,24.31,23.31,23.81,23.69,24.00,41.31


132529,24.00,24.25,23.31,23.81,23.69,24.00,41.38


134714,24.06,24.25,23.31,23.81,23.75,24.00,41.38


136900,24.06,24.31,23.38,23.88,23.75,24.00,41.50


139086,24.06,24.31,23.31,23.81,23.75,24.00,41.50


141272,24.00,24.25,23.31,23.81,23.75,23.94,41.56


143458,24.06,24.25,23.38,23.88,23.75,23.94,41.63


145643,24.06,24.19,23.38,23.81,23.75,23.94,41.69


147829,24.00,24.25,23.44,23.81,23.75,24.00,41.75


150016,24.00,24.25,23.44,23.81,23.75,24.00,41.75


152201,24.06,24.25,23.38,23.81,23.75,23.94,41.81


154387,24.06,24.19,23.38,23.75,23.75,24.00,41.81


156573,24.06,24.19,23.44,23.75,23.75,24.00,41.88


158759,24.06,24.19,23.44,23.81,23.81,23.94,41.94


160945,24.00,24.13,23.38,23.81,23.81,23.94,41.94


163131,24.00,24.13,23.38,23.81,23.81,23.94,41.94


165317,24.00,24.13,23.44,23.81,23.81,24.00,42.00


167502,24.00,24.13,23.44,23.75,23.81,24.00,42.06


169689,24.06,24.06,23.44,23.81,23.75,24.00,42.19


171875,24.00,24.13,23.50,23.81,23.81,24.00,42.19


174061,24.06,24.13,23.50,23.81,23.81,23.94,42.06


176246,24.00,24.06,23.50,23.75,23.75,24.00,40.81


178433,23.94,24.06,23.50,23.81,23.81,23.94,39.63


180617,24.00,24.06,23.50,23.81,24.00,24.00,39.00


182802,24.00,24.06,23.50,23.81,24.19,24.00,38.56


184987,24.00,24.13,23.50,23.81,24.31,24.06,38.31


187172,24.06,24.13,23.50,23.81,24.63,24.13,38.13


189357,24.00,24.06,23.50,23.81,24.81,24.19,37.94


191541,24.00,24.06,23.56,23.81,25.06,24.31,37.75


193726,24.00,24.06,23.50,23.81,25.25,24.38,37.63


195911,24.00,24.06,23.56,23.81,25.50,24.50,37.50


198095,23.94,24.06,23.50,23.81,25.69,24.63,37.38


200280,23.94,24.00,23.56,23.88,25.94,24.75,37.25


202465,24.00,24.00,23.56,23.88,26.13,24.81,37.19


204649,24.00,24.00,23.56,23.81,26.31,24.94,37.06


206833,23.94,23.94,23.56,23.88,26.50,25.00,36.94


209018,23.94,23.88,23.63,23.88,26.63,25.13,36.88


211203,23.94,23.94,23.63,23.94,26.81,25.19,36.88


213388,23.88,23.88,23.56,23.94,26.94,25.31,36.81


215572,23.94,23.88,23.63,23.94,27.06,25.38,36.75


217757,23.88,23.81,23.63,23.94,27.19,25.44,36.75


219941,23.88,23.81,23.69,24.00,27.31,25.63,36.69


222127,23.88,23.75,23.69,24.00,27.44,25.69,36.69


224311,23.88,23.81,23.69,24.06,27.56,25.75,36.69


226496,23.88,23.81,23.75,24.13,27.63,25.81,36.69


228680,23.88,23.75,23.75,24.13,27.75,25.88,36.63


230865,23.94,23.69,23.75,24.19,27.88,26.00,36.56


233050,23.88,23.69,23.69,24.19,27.94,26.06,36.56


235235,23.81,23.75,23.81,24.25,28.06,26.19,36.50


237420,23.88,23.69,23.81,24.31,28.13,26.25,36.50


239604,23.88,23.69,23.81,24.38,28.19,26.38,36.44


241789,23.88,23.63,23.88,24.38,28.31,26.38,36.44


243974,23.88,23.63,23.88,24.38,28.38,26.50,36.44


246159,23.88,23.63,23.94,24.44,28.44,26.56,36.38


248343,23.88,23.56,23.94,24.44,28.50,26.63,36.38


250528,23.94,23.63,23.94,24.44,28.63,26.69,36.38


252712,23.88,23.56,23.94,24.50,28.69,26.75,36.31


254898,23.88,23.56,24.00,24.56,28.75,26.81,36.31


257082,23.88,23.50,24.00,24.56,28.81,26.88,36.31


259267,23.88,23.56,24.00,24.63,28.88,26.94,36.31


261451,23.88,23.56,24.06,24.63,28.94,27.00,36.31


263636,23.88,23.56,24.06,24.63,29.00,27.06,36.31


265821,23.88,23.50,24.06,24.69,29.00,27.06,36.31


268006,23.94,23.50,24.13,24.69,29.06,27.19,36.31


270190,23.94,23.50,24.19,24.75,29.13,27.19,36.31


272375,23.94,23.50,24.19,24.75,29.19,27.25,36.31


274560,23.88,23.50,24.19,24.75,29.19,27.25,36.31


276745,23.94,23.50,24.25,24.81,29.25,27.31,36.31


278929,23.94,23.50,24.25,24.81,29.31,27.38,36.31


281114,23.94,23.44,24.25,24.88,29.38,27.44,36.31


283299,23.94,23.44,24.25,24.88,29.38,27.44,36.31


285484,23.88,23.44,24.31,24.88,29.44,27.50,36.31


287669,23.94,23.50,24.31,24.94,29.44,27.56,36.31


289854,23.94,23.50,24.31,25.00,29.50,27.56,36.31


292038,23.94,23.44,24.38,25.00,29.56,27.63,36.31


294223,23.94,23.44,24.38,25.00,29.56,27.69,36.31


296409,23.94,23.44,24.38,25.06,29.63,27.69,36.31


298593,24.00,23.44,24.44,25.06,29.63,27.69,36.31


300778,24.00,23.44,24.44,25.06,29.69,27.75,36.31


302962,24.00,23.38,24.44,25.13,29.69,27.81,36.31


305147,23.94,23.38,24.50,25.13,29.69,27.75,36.31


307333,24.00,23.44,24.56,25.13,29.69,27.81,36.31


309517,24.00,23.44,24.56,25.13,29.75,27.88,36.31


311702,24.00,23.44,24.56,25.19,29.75,27.94,36.38


313887,24.00,23.44,24.56,25.19,29.81,27.94,36.38


316071,24.06,23.44,24.56,25.19,29.81,28.00,36.38


318257,24.06,23.44,24.63,25.25,29.88,28.00,36.38


320442,24.06,23.44,24.63,25.25,29.88,28.06,36.38

322627,24.06,23.38,24.69,25.31,29.94,28.06,36.38


324812,24.06,23.38,24.63,25.31,29.94,28.06,36.38


326996,24.06,23.44,24.63,25.31,30.00,28.13,36.38


329182,24.13,23.44,24.69,25.38,29.94,28.13,36.38


331367,24.13,23.44,24.75,25.38,30.00,28.13,36.38


333552,24.13,23.44,24.75,25.38,30.00,28.19,36.44


335737,24.13,23.44,24.75,25.44,30.06,28.25,36.44


337922,24.13,23.44,24.81,25.44,30.06,28.25,36.44


340107,24.13,23.44,24.75,25.44,30.13,28.31,36.44


342292,24.13,23.44,24.81,25.44,30.13,28.31,36.50


344477,24.19,23.44,24.81,25.50,30.13,28.31,36.50


346661,24.13,23.44,24.81,25.50,30.13,28.31,36.50


348847,24.19,23.44,24.88,25.50,30.13,28.38,36.50


351032,24.19,23.44,24.88,25.50,30.19,28.38,36.50


353217,24.19,23.44,24.88,25.50,30.19,28.38,36.50


355402,24.19,23.44,24.94,25.56,30.19,28.38,36.50


357587,24.25,23.50,24.88,25.56,30.19,28.38,36.50


359772,24.25,23.44,24.94,25.56,30.19,28.38,36.50


361957,24.25,23.50,24.94,25.56,30.19,28.44,36.50


364142,24.19,23.44,25.00,25.56,30.25,28.44,36.50


366327,24.25,23.44,24.94,25.56,30.25,28.44,36.50


368513,24.25,23.44,25.00,25.63,30.31,28.44,36.50


370698,24.25,23.44,25.00,25.63,30.31,28.50,36.56


372883,24.31,23.50,25.00,25.63,30.31,28.50,36.50


375068,24.25,23.50,25.06,25.69,30.38,28.56,36.50


377253,24.31,23.50,25.06,25.69,30.38,28.56,36.50


379439,24.31,23.44,25.06,25.69,30.44,28.63,36.50


381623,24.38,23.50,25.06,25.69,30.44,28.56,36.50


383808,24.31,23.44,25.13,25.69,30.44,28.63,36.56


385993,24.31,23.50,25.13,25.69,30.50,28.63,36.50


388178,24.31,23.50,25.13,25.69,30.50,28.63,36.50


390364,24.38,23.56,25.13,25.69,30.56,28.69,36.44


392549,24.31,23.56,25.19,25.75,30.56,28.69,36.50


394734,24.38,23.56,25.19,25.81,30.56,28.75,36.44


396919,24.38,23.63,25.19,25.81,30.56,28.81,36.44


399105,24.38,23.56,25.19,25.81,30.56,28.81,36.50


401289,24.38,23.50,25.19,25.81,30.56,28.75,36.44


403474,24.38,23.56,25.19,25.81,30.56,28.75,36.50


405659,24.44,23.56,25.19,25.81,30.56,28.81,36.44


407844,24.44,23.56,25.19,25.81,30.56,28.81,36.44


410030,24.44,23.56,25.25,25.81,30.56,28.81,36.44


412215,24.44,23.56,25.19,25.88,30.56,28.81,36.38


414400,24.50,23.50,25.25,25.88,30.56,28.88,36.38


416585,24.44,23.56,25.25,25.88,30.63,28.88,36.38


418770,24.38,23.56,25.25,25.88,30.63,28.88,36.38


420956,24.44,23.63,25.25,25.94,30.63,28.94,36.38


423141,24.44,23.56,25.25,25.88,30.69,28.94,36.31


425325,24.44,23.63,25.25,25.94,30.69,29.00,36.25


427510,24.44,23.56,25.25,25.94,30.69,28.94,36.25


429696,24.44,23.63,25.25,25.94,30.69,28.94,36.25


431881,24.44,23.56,25.31,26.00,30.75,29.00,36.25


434066,24.44,23.63,25.31,25.94,30.69,29.06,36.25


436251,24.44,23.63,25.31,26.00,30.75,29.00,36.31


438436,24.44,23.63,25.31,26.00,30.75,29.06,36.31


440622,24.50,23.63,25.38,26.00,30.75,29.06,36.31


442807,24.44,23.63,25.38,26.00,30.75,29.06,36.31


444992,24.50,23.63,25.38,26.00,30.75,29.06,36.31


447176,24.44,23.63,25.38,26.00,30.81,29.06,36.38


449361,24.50,23.63,25.38,26.00,30.81,29.13,36.31


451547,24.50,23.63,25.38,26.00,30.81,29.13,36.31


453732,24.50,23.63,25.38,26.00,30.81,29.13,36.38


455917,24.56,23.63,25.38,26.00,30.88,29.19,36.38


458102,24.50,23.63,25.38,26.00,30.88,29.13,36.38


460288,24.50,23.63,25.44,26.06,30.88,29.19,36.38


462473,24.56,23.63,25.44,26.06,30.88,29.19,36.38


464658,24.56,23.69,25.44,26.06,30.94,29.25,36.38


466843,24.50,23.63,25.50,26.13,30.94,29.25,36.44


469028,24.56,23.69,25.44,26.13,30.94,29.25,36.44


471214,24.56,23.69,25.44,26.13,30.94,29.25,36.44


473399,24.56,23.69,25.50,26.13,30.94,29.25,36.44


475584,24.63,23.69,25.50,26.13,31.00,29.25,36.50


477769,24.56,23.69,25.50,26.13,31.00,29.25,36.50

479954,24.63,23.63,25.56,26.13,31.00,29.31,36.50


482140,24.63,23.69,25.56,26.19,31.00,29.25,36.50


484325,24.63,23.69,25.50,26.19,31.00,29.31,36.56


486510,24.63,23.69,25.56,26.19,31.00,29.31,36.56


488695,24.63,23.69,25.56,26.19,31.00,29.31,36.56


490881,24.56,23.75,25.56,26.19,31.00,29.31,36.56


493066,24.63,23.69,25.56,26.19,31.00,29.31,36.56


495251,24.63,23.75,25.63,26.19,31.00,29.31,36.56


497436,24.63,23.69,25.56,26.19,31.00,29.31,36.63


499621,24.63,23.69,25.56,26.25,31.00,29.38,36.63


501807,24.63,23.69,25.63,26.25,31.00,29.38,36.63


503992,24.63,23.69,25.63,26.25,31.06,29.38,36.63


506177,24.69,23.75,25.63,26.31,31.00,29.31,36.63


508362,24.69,23.75,25.63,26.25,31.00,29.38,36.69


510547,24.69,23.75,25.63,26.31,31.00,29.38,36.63


512733,24.69,23.75,25.69,26.31,31.06,29.38,36.63


514918,24.69,23.75,25.63,26.31,31.06,29.38,36.69

517103,24.69,23.75,25.69,26.31,31.06,29.38,36.69


519288,24.75,23.75,25.69,26.38,31.06,29.44,36.69


521474,24.69,23.81,25.69,26.38,31.06,29.44,36.69


523659,24.75,23.75,25.63,26.38,31.06,29.44,36.69


525844,24.75,23.81,25.75,26.31,31.06,29.44,36.69


528029,24.81,23.75,25.69,26.31,31.13,29.50,36.69


530214,24.75,23.75,25.75,26.38,31.13,29.50,36.75


532400,24.75,23.75,25.75,26.38,31.13,29.44,36.75


534585,24.81,23.81,25.75,26.38,31.13,29.50,36.75


536770,24.81,23.75,25.75,26.38,31.13,29.50,36.75


538955,24.75,23.81,25.75,26.38,31.13,29.50,36.81


541140,24.81,23.81,25.75,26.38,31.19,29.50,36.81


543326,24.81,23.75,25.81,26.38,31.13,29.50,36.75


545512,24.81,23.81,25.81,26.44,31.19,29.50,36.75


547697,24.81,23.81,25.75,26.44,31.13,29.50,36.75


549882,24.81,23.81,25.81,26.44,31.19,29.50,36.75


552068,24.81,23.81,25.81,26.44,31.19,29.56,36.75


554253,24.88,23.81,25.81,26.44,31.19,29.50,36.81


556438,24.81,23.88,25.88,26.44,31.19,29.50,36.81


558623,24.88,23.88,25.81,26.50,31.19,29.50,36.75


560808,24.81,23.81,25.81,26.50,31.13,29.56,36.75


562994,24.88,23.81,25.81,26.50,31.13,29.50,36.75
565179,24.81,23.81,25.88,26.50,31.19,29.50,36.75
567364,24.88,23.88,25.88,26.44,31.13,29.50,36.81


569549,24.88,23.94,25.88,26.50,31.19,29.56,36.81


571735,24.88,23.81,25.88,26.50,31.19,29.50,36.81


573920,24.94,23.81,25.88,26.50,31.13,29.56,36.81


576105,24.88,23.88,25.88,26.50,31.19,29.56,36.81


578290,24.94,23.81,25.88,26.50,31.19,29.56,36.81


580476,24.94,23.88,25.88,26.50,31.19,29.56,36.88


582662,24.88,23.88,25.88,26.50,31.19,29.56,36.88


584847,24.94,23.81,25.88,26.56,31.19,29.56,36.88


587032,24.94,23.88,25.94,26.56,31.19,29.56,36.88


589217,24.94,23.88,25.88,26.56,31.19,29.56,36.88


591403,24.94,23.94,25.88,26.50,31.19,29.56,36.94


593588,25.00,23.94,25.88,26.56,31.19,29.56,36.88


595773,25.00,23.94,25.94,26.56,31.19,29.56,36.94


597958,24.94,23.94,25.88,26.56,31.19,29.56,36.88


600143,24.94,23.94,25.88,26.50,31.25,29.56,36.88


602329,24.94,23.94,25.94,26.56,31.19,29.63,36.94


604514,24.94,23.94,25.94,26.56,31.19,29.63,36.94


606699,25.00,23.94,25.94,26.56,31.25,29.63,36.94


608884,25.00,23.94,25.94,26.56,31.25,29.63,36.94


611069,25.00,23.94,26.00,26.56,31.25,29.63,36.94


613255,25.00,23.94,26.00,26.56,31.25,29.56,36.94


615440,25.00,24.00,25.94,26.56,31.25,29.56,37.00


617625,25.00,24.00,26.00,26.56,31.25,29.56,37.00


619810,24.94,24.00,25.94,26.56,31.31,29.56,37.06


621996,25.00,24.00,26.00,26.56,31.31,29.63,37.00


624181,25.00,24.00,26.00,26.56,31.31,29.63,37.06


626366,25.00,23.94,26.00,26.63,31.31,29.69,37.00


628551,25.06,24.00,26.00,26.63,31.31,29.63,37.00


630736,25.06,23.94,26.00,26.63,31.38,29.69,36.94


632922,25.06,23.94,26.00,26.56,31.38,29.69,36.94


635107,25.06,24.00,26.00,26.63,31.44,29.69,36.94


637292,25.06,24.00,26.00,26.63,31.44,29.69,37.00


639477,25.00,24.00,26.06,26.63,31.38,29.69,37.00


641662,25.06,24.00,26.00,26.63,31.38,29.69,37.06


643848,25.06,24.00,26.00,26.63,31.50,29.69,37.00


646033,25.06,24.00,26.06,26.63,31.44,29.69,37.00


648218,25.06,24.00,26.06,26.63,31.44,29.69,37.00


650403,25.06,24.00,26.06,26.63,31.44,29.75,37.06


652589,25.06,24.00,26.06,26.63,31.44,29.75,37.00


654774,25.06,24.06,26.06,26.63,31.50,29.75,37.00


656959,25.06,24.00,26.06,26.63,31.50,29.69,37.00


659144,25.06,24.06,26.06,26.63,31.50,29.69,37.00


661329,25.13,24.06,26.06,26.63,31.50,29.75,37.00


663515,25.13,24.00,26.13,26.63,31.56,29.75,37.00


665700,25.13,24.00,26.13,26.69,31.56,29.75,37.06


667885,25.13,24.06,26.13,26.69,31.50,29.81,37.00


670071,25.13,24.06,26.13,26.69,31.56,29.81,37.00


672257,25.13,24.06,26.13,26.69,31.56,29.81,37.13


674442,25.19,24.06,26.06,26.69,31.50,29.81,37.06


676627,25.06,24.06,26.13,26.69,31.50,29.75,37.06


678812,25.19,24.06,26.13,26.75,31.56,29.81,37.06


680997,25.19,24.06,26.13,26.75,31.56,29.81,37.13


683183,25.19,24.06,26.13,26.75,31.56,29.81,37.13


685368,25.13,24.06,26.19,26.75,31.56,29.81,37.13


687553,25.19,24.13,26.13,26.75,31.56,29.81,37.13


689738,25.19,24.06,26.19,26.75,31.56,29.81,37.13


691923,25.19,24.06,26.13,26.75,31.50,29.81,37.13


694109,25.19,24.06,26.19,26.81,31.56,29.81,37.13


696294,25.19,24.13,26.19,26.81,31.56,29.81,37.13


698479,25.19,24.06,26.19,26.75,31.56,29.81,37.06


700664,25.19,24.06,26.19,26.75,31.56,29.81,37.06


702850,25.19,24.13,26.19,26.81,31.56,29.81,37.06


705035,25.19,24.13,26.19,26.81,31.56,29.81,37.06


707220,25.19,24.13,26.19,26.81,31.56,29.88,37.00


709405,25.13,24.19,26.25,26.88,31.63,29.88,37.06


711590,25.19,24.13,26.19,26.81,31.63,29.94,37.06


713776,25.19,24.13,26.25,26.88,31.63,29.88,37.00


715961,25.19,24.13,26.25,26.81,31.63,29.88,37.00


718146,25.19,24.13,26.19,26.81,31.63,29.94,37.00


720331,25.19,24.06,26.25,26.81,31.63,29.94,37.00


722516,25.19,24.13,26.25,26.81,31.63,29.94,37.00


724702,25.19,24.06,26.25,26.88,31.69,29.94,37.00


726887,25.25,24.06,26.25,26.88,31.69,29.94,37.00


729072,25.19,24.13,26.19,26.81,31.69,29.88,37.06


731257,25.19,24.06,26.25,26.81,31.69,29.88,37.00


733443,25.19,24.13,26.25,26.81,31.69,29.94,37.06


735628,25.19,24.13,26.25,26.88,31.69,29.94,37.00


737813,25.19,24.13,26.25,26.88,31.75,29.94,37.00


739998,25.19,24.13,26.25,26.81,31.75,29.94,37.00


742183,25.25,24.13,26.25,26.81,31.75,30.00,37.06


744369,25.19,24.13,26.25,26.88,31.75,30.00,37.00


746555,25.19,24.13,26.25,26.88,31.81,30.00,37.00


748740,25.19,24.13,26.25,26.88,31.81,30.00,37.00


750925,25.19,24.13,26.25,26.88,31.81,30.00,37.00


753111,25.19,24.13,26.25,26.81,31.81,30.00,37.06


755296,25.25,24.13,26.31,26.88,31.81,30.00,37.06


757482,25.19,24.13,26.25,26.88,31.88,30.06,37.06


759667,25.19,24.13,26.25,26.88,31.81,30.06,37.06


761852,25.19,24.13,26.25,26.88,31.88,30.06,37.13


764038,25.25,24.13,26.25,26.88,31.81,30.00,37.13


766224,25.25,24.19,26.25,26.88,31.88,30.00,37.13


768409,25.25,24.19,26.25,26.88,31.88,30.00,37.13


770594,25.25,24.19,26.25,26.88,31.88,30.00,37.13


772780,25.25,24.13,26.25,26.88,31.88,30.06,37.19


774965,25.25,24.13,26.25,26.88,31.88,30.06,37.19


777150,25.25,24.13,26.25,26.88,31.81,30.06,37.19


779335,25.25,24.13,26.31,26.88,31.88,30.13,37.19


781520,25.25,24.19,26.25,26.88,31.81,30.13,37.19


783706,25.25,24.19,26.25,26.88,31.88,30.13,37.19


785891,25.25,24.19,26.31,26.88,31.88,30.13,37.19


788076,25.31,24.19,26.31,26.81,31.88,30.06,37.25


790262,25.31,24.19,26.31,26.88,31.88,30.06,37.19


792448,25.25,24.19,26.31,26.94,31.88,30.13,37.19


794633,25.25,24.13,26.38,26.94,31.88,30.06,37.19


796818,25.25,24.19,26.38,26.94,31.88,30.06,37.19


799003,25.25,24.19,26.31,26.88,31.88,30.06,37.19


801188,25.25,24.19,26.38,26.88,31.88,30.06,37.25


803374,25.25,24.19,26.31,26.88,31.88,30.13,37.19


805560,25.25,24.19,26.38,26.94,31.94,30.06,37.25


807745,25.25,24.19,26.31,26.94,31.94,30.13,37.19


809930,25.25,24.19,26.38,27.00,32.00,30.19,37.19


812116,25.25,24.19,26.38,26.94,31.94,30.13,37.13


814302,25.25,24.19,26.31,27.00,31.94,30.19,37.13


816487,25.25,24.25,26.38,27.00,31.94,30.13,37.06


818672,25.31,24.19,26.38,27.00,31.94,30.19,37.06


820857,25.25,24.19,26.44,27.00,31.94,30.19,37.00


823044,25.31,24.19,26.44,27.00,31.94,30.19,37.06


825229,25.31,24.25,26.38,27.00,31.94,30.19,37.00


827414,25.25,24.19,26.38,27.00,31.94,30.19,37.00

829599,25.31,24.19,26.38,27.00,31.94,30.19,37.00
831784,25.31,24.25,26.38,27.00,31.94,30.19,37.06
833971,25.25,24.25,26.38,27.00,31.94,30.19,37.06


836156,25.31,24.25,26.38,27.00,31.94,30.19,37.06


838341,25.31,24.25,26.38,27.00,31.94,30.19,37.00


840526,25.31,24.25,26.38,27.00,31.94,30.19,37.06


842712,25.25,24.25,26.44,27.00,31.94,30.19,37.06


844897,25.25,24.19,26.38,27.00,31.94,30.19,37.06


847083,25.25,24.25,26.38,27.00,31.94,30.25,37.06


849268,25.31,24.25,26.38,27.00,31.94,30.25,37.00


851453,25.25,24.25,26.38,27.00,31.94,30.25,37.06


853639,25.31,24.25,26.38,27.00,31.94,30.25,37.06


855824,25.31,24.19,26.38,27.00,31.94,30.25,37.13


858009,25.31,24.25,26.38,27.00,31.94,30.25,37.00


860194,25.31,24.19,26.44,27.00,31.94,30.25,37.06


862381,25.25,24.25,26.38,27.06,31.94,30.25,37.00


864566,25.31,24.25,26.44,27.00,31.94,30.25,37.06


866751,25.25,24.25,26.38,27.06,32.00,30.25,37.06


868937,25.31,24.25,26.44,27.00,31.94,30.31,37.06


871122,25.31,24.25,26.38,27.00,32.00,30.31,37.06


873308,25.31,24.25,26.38,27.00,32.00,30.25,37.13


875494,25.31,24.25,26.38,27.06,32.00,30.31,37.13


877679,25.31,24.25,26.38,27.06,32.00,30.25,37.13


879864,25.31,24.25,26.44,27.06,32.00,30.25,37.13


882050,25.31,24.25,26.38,27.00,31.94,30.31,37.13


884235,25.31,24.25,26.38,27.06,32.00,30.25,37.13


886420,25.31,24.25,26.44,27.00,32.00,30.31,37.13


888605,25.25,24.25,26.38,27.00,32.00,30.25,37.13


890791,25.31,24.31,26.44,27.00,32.00,30.25,37.19


892977,25.38,24.31,26.44,27.00,32.00,30.25,37.19


895162,25.38,24.25,26.44,27.06,32.00,30.25,37.19


897347,25.38,24.25,26.50,27.06,32.00,30.31,37.19


899532,25.31,24.25,26.44,27.06,32.00,30.31,37.19


901719,25.38,24.25,26.50,27.06,32.00,30.31,37.19


903904,25.31,24.25,26.44,27.06,32.00,30.31,37.25


906089,25.38,24.25,26.50,27.06,32.00,30.31,37.25


908274,25.38,24.31,26.50,27.06,32.00,30.31,37.25


910460,25.38,24.31,26.50,27.06,32.00,30.31,37.25


912646,25.38,24.31,26.50,27.06,32.00,30.31,37.25


914831,25.38,24.25,26.50,27.06,32.00,30.31,37.25


917016,25.38,24.31,26.50,27.06,32.00,30.31,37.25


919201,25.38,24.31,26.50,27.06,32.00,30.31,37.25


921388,25.38,24.31,26.50,27.06,32.00,30.31,37.25


923573,25.38,24.31,26.50,27.06,31.94,30.25,37.25


925758,25.38,24.31,26.50,27.06,32.00,30.31,37.31


927943,25.38,24.31,26.50,27.06,31.94,30.25,37.25


930128,25.38,24.31,26.44,27.06,31.94,30.31,37.25


932315,25.44,24.31,26.50,27.06,31.94,30.31,37.25


934500,25.44,24.31,26.50,27.06,31.94,30.25,37.31


936685,25.44,24.31,26.50,27.06,31.94,30.25,37.25


938870,25.38,24.31,26.44,27.06,31.94,30.25,37.31


941057,25.44,24.31,26.50,27.06,31.88,30.25,37.31


943242,25.44,24.31,26.50,27.06,31.88,30.31,37.31


945427,25.44,24.31,26.44,27.06,31.88,30.25,37.31


947612,25.38,24.31,26.44,27.06,31.88,30.25,37.25


949798,25.38,24.31,26.44,27.06,31.81,30.19,37.31


951984,25.44,24.25,26.38,27.00,31.88,30.19,37.31


954169,25.44,24.25,26.44,27.00,31.81,30.13,37.31


956354,25.44,24.25,26.38,27.00,31.81,30.19,37.31


958540,25.38,24.31,26.44,27.00,31.81,30.13,37.31


960726,25.44,24.38,26.44,27.00,31.81,30.13,37.25


962911,25.38,24.31,26.44,27.00,31.81,30.13,37.31


965096,25.38,24.31,26.44,27.00,31.75,30.13,37.38


967282,25.44,24.25,26.44,27.00,31.81,30.19,37.31


969467,25.38,24.31,26.44,27.00,31.81,30.19,37.38


971653,25.38,24.25,26.44,27.00,31.81,30.19,37.38


973838,25.44,24.31,26.44,27.00,31.75,30.19,37.38


976024,25.44,24.31,26.44,27.00,31.81,30.13,37.38


978209,25.44,24.31,26.44,27.00,31.75,30.19,37.38


980395,25.38,24.31,26.44,27.00,31.81,30.19,37.44


982580,25.38,24.25,26.44,27.06,31.81,30.19,37.44


984766,25.44,24.31,26.44,27.06,31.81,30.25,37.44


986951,25.44,24.31,26.44,27.06,31.88,30.25,37.44


989136,25.44,24.38,26.44,27.00,31.81,30.19,37.38


991322,25.44,24.31,26.50,27.06,31.88,30.25,37.44


993508,25.44,24.31,26.50,27.06,31.81,30.25,37.44


995693,25.50,24.31,26.44,27.06,31.88,30.25,37.44


997878,25.50,24.31,26.50,27.06,31.88,30.25,37.38


1000065,25.50,24.38,26.50,27.13,31.88,30.25,37.44


1002250,25.50,24.38,26.50,27.13,31.94,30.31,37.38


1004435,25.50,24.38,26.50,27.06,31.88,30.25,37.44


1006620,25.50,24.38,26.56,27.13,31.94,30.31,37.44


1008805,25.50,24.38,26.56,27.13,31.94,30.31,37.44


1010992,25.50,24.38,26.56,27.13,31.94,30.31,37.44


1013177,25.50,24.38,26.56,27.13,31.94,30.31,37.44


1015362,25.50,24.38,26.56,27.13,31.94,30.31,37.38


1017547,25.50,24.38,26.56,27.13,31.94,30.31,37.38


1019734,25.50,24.38,26.56,27.13,32.00,30.31,37.38


1021919,25.50,24.31,26.50,27.19,31.94,30.31,37.44


1024104,25.50,24.38,26.56,27.19,31.94,30.25,37.38


1026290,25.50,24.38,26.56,27.13,31.88,30.31,37.38


1028475,25.50,24.38,26.50,27.13,31.88,30.25,37.44


1030661,25.50,24.38,26.63,27.13,31.88,30.31,37.38


1032846,25.50,24.31,26.56,27.19,31.88,30.25,37.44


1035032,25.50,24.38,26.56,27.13,31.88,30.25,37.38


1037217,25.50,24.38,26.56,27.19,31.88,30.31,37.38


1039403,25.50,24.38,26.56,27.19,31.88,30.31,37.38


1041589,25.50,24.38,26.56,27.19,31.88,30.31,37.44


1043774,25.50,24.38,26.63,27.19,31.88,30.31,37.38


1045959,25.56,24.38,26.56,27.19,31.88,30.31,37.44


1048145,25.50,24.38,26.63,27.19,31.88,30.31,37.44


1050331,25.56,24.38,26.56,27.19,31.94,30.31,37.44


1052516,25.50,24.38,26.63,27.19,31.94,30.31,37.44


1054702,25.56,24.38,26.63,27.19,31.94,30.31,37.38


1056887,25.50,24.38,26.56,27.19,31.94,30.31,37.38


1059073,25.56,24.44,26.63,27.19,31.94,30.31,37.38


1061259,25.56,24.44,26.63,27.19,31.94,30.31,37.38


1063444,25.56,24.44,26.63,27.19,31.94,30.31,37.31


1065629,25.63,24.50,26.63,27.19,31.94,30.31,37.31


1067814,25.63,24.44,26.69,27.25,31.94,30.38,37.38


1070000,25.56,24.44,26.63,27.19,31.94,30.38,37.38


1072186,25.56,24.50,26.63,27.19,32.00,30.31,37.38


1074371,25.56,24.44,26.63,27.25,32.00,30.31,37.44


1076556,25.56,24.50,26.63,27.25,31.94,30.31,37.44


1078743,25.56,24.50,26.63,27.25,32.00,30.38,37.44


1080928,25.56,24.50,26.69,27.25,32.00,30.38,37.44


1083113,25.56,24.50,26.63,27.25,32.06,30.31,37.38


1085298,25.56,24.44,26.63,27.25,32.00,30.31,37.38


1087484,25.63,24.50,26.69,27.25,32.00,30.38,37.44


1089670,25.63,24.44,26.69,27.25,32.00,30.38,37.44


1091855,25.63,24.50,26.69,27.25,32.00,30.38,37.44


1094040,25.56,24.44,26.63,27.25,32.00,30.38,37.44


1096226,25.63,24.44,26.69,27.25,32.06,30.38,37.44


1098412,25.63,24.44,26.69,27.25,32.06,30.44,37.44


1100598,25.56,24.44,26.75,27.31,32.06,30.50,37.44


1102783,25.63,24.44,26.69,27.31,32.06,30.44,37.38


1104968,25.63,24.44,26.69,27.25,32.13,30.44,37.38


1107154,25.63,24.44,26.69,27.31,32.13,30.44,37.44


1109340,25.63,24.44,26.69,27.31,32.19,30.50,37.44


1111526,25.63,24.44,26.75,27.31,32.19,30.50,37.44


1113711,25.63,24.44,26.69,27.25,32.13,30.50,37.44


1115897,25.63,24.50,26.69,27.31,32.19,30.50,37.44


1118083,25.63,24.50,26.69,27.31,32.19,30.50,37.50


1120268,25.63,24.44,26.69,27.31,32.19,30.50,37.50


1122454,25.69,24.50,26.75,27.31,32.19,30.56,37.50


1124639,25.63,24.56,26.69,27.31,32.19,30.50,37.50


1126825,25.63,24.50,26.69,27.25,32.25,30.50,37.50


1129011,25.69,24.44,26.75,27.31,32.25,30.50,37.56


1131196,25.63,24.44,26.75,27.25,32.25,30.50,37.63


1133382,25.63,24.50,26.75,27.31,32.19,30.50,37.63


1135567,25.63,24.50,26.75,27.31,32.25,30.50,37.56


1137754,25.63,24.50,26.75,27.31,32.19,30.50,37.63


1139939,25.63,24.50,26.69,27.31,32.19,30.50,37.63


1142124,25.63,24.50,26.75,27.31,32.25,30.50,37.63


1144310,25.69,24.44,26.75,27.31,32.19,30.50,37.63


1146496,25.63,24.44,26.75,27.31,32.19,30.50,37.63


1148681,25.69,24.50,26.75,27.31,32.19,30.50,37.63


1150867,25.69,24.44,26.75,27.31,32.19,30.50,37.63


1153052,25.63,24.50,26.75,27.31,32.19,30.50,37.63


1155238,25.63,24.50,26.75,27.31,32.19,30.50,37.63


1157424,25.63,24.50,26.75,27.25,32.25,30.50,37.63


1159609,25.63,24.50,26.75,27.31,32.25,30.50,37.63


1161795,25.63,24.50,26.75,27.38,32.19,30.50,37.63


1163980,25.63,24.50,26.75,27.38,32.25,30.56,37.63


1166166,25.63,24.50,26.69,27.38,32.25,30.56,37.63


1168352,25.63,24.50,26.75,27.38,32.25,30.50,37.63


1170537,25.69,24.50,26.75,27.38,32.19,30.50,37.63


1172723,25.69,24.50,26.81,27.38,32.25,30.50,37.69


1174908,25.63,24.50,26.75,27.38,32.25,30.56,37.63


1177094,25.63,24.50,26.75,27.38,32.25,30.50,37.63


1179280,25.63,24.44,26.75,27.38,32.25,30.56,37.69


1181465,25.69,24.50,26.75,27.38,32.25,30.56,37.69


1183651,25.69,24.50,26.75,27.38,32.19,30.50,37.69


1185837,25.63,24.44,26.75,27.38,32.19,30.50,37.69


1188023,25.69,24.50,26.75,27.38,32.19,30.50,37.69


1190208,25.69,24.56,26.75,27.38,32.19,30.56,37.69


1192393,25.69,24.50,26.75,27.38,32.19,30.56,37.69


1194579,25.69,24.50,26.75,27.38,32.19,30.50,37.75


1196765,25.69,24.50,26.75,27.38,32.19,30.56,37.69


1198950,25.69,24.50,26.75,27.38,32.19,30.50,37.69


1201136,25.69,24.50,26.75,27.38,32.19,30.50,37.75


1203321,25.63,24.56,26.75,27.38,32.19,30.50,37.81


1205507,25.69,24.56,26.75,27.38,32.19,30.50,37.81


1207693,25.69,24.56,26.75,27.38,32.19,30.56,37.75


1209878,25.69,24.63,26.75,27.31,32.19,30.56,37.81


1212064,25.69,24.50,26.75,27.38,32.19,30.50,37.81


1214249,25.69,24.50,26.75,27.38,32.19,30.50,37.81


1216435,25.69,24.50,26.75,27.38,32.19,30.56,37.81


1218621,25.69,24.56,26.75,27.38,32.19,30.50,37.88


1220806,25.75,24.50,26.75,27.31,32.19,30.50,37.81


1222992,25.69,24.50,26.75,27.38,32.19,30.50,37.81


1225178,25.69,24.56,26.75,27.31,32.19,30.50,37.88


1227363,25.69,24.50,26.75,27.31,32.13,30.56,37.88


1229549,25.69,24.50,26.75,27.31,32.13,30.50,37.94


1231734,25.69,24.50,26.75,27.31,32.19,30.56,37.94


1233921,25.69,24.56,26.75,27.31,32.19,30.50,37.88


1236106,25.69,24.50,26.75,27.38,32.19,30.56,37.88


1238292,25.69,24.50,26.75,27.31,32.19,30.50,37.88


1240478,25.69,24.56,26.75,27.38,32.25,30.56,37.88


1242663,25.75,24.50,26.75,27.38,32.25,30.56,37.94


1244850,25.69,24.50,26.75,27.38,32.25,30.56,37.88


1247035,25.75,24.56,26.69,27.38,32.25,30.56,37.88


1249221,25.75,24.56,26.75,27.31,32.25,30.56,37.94


1251406,25.69,24.50,26.75,27.38,32.25,30.56,37.94


1253593,25.75,24.50,26.75,27.38,32.19,30.56,37.88


1255778,25.75,24.50,26.75,27.38,32.25,30.56,37.94


1257964,25.75,24.50,26.75,27.38,32.19,30.56,37.94


1260149,25.75,24.50,26.75,27.38,32.19,30.56,38.00


1262336,25.75,24.50,26.75,27.38,32.25,30.56,37.94


1264521,25.75,24.56,26.75,27.38,32.19,30.56,37.94


1266707,25.75,24.56,26.75,27.38,32.19,30.56,37.94


1268893,25.81,24.56,26.75,27.38,32.19,30.56,38.00


1271078,25.75,24.56,26.75,27.38,32.19,30.56,37.94


1273265,25.75,24.50,26.75,27.38,32.19,30.63,38.00


1275450,25.75,24.56,26.81,27.38,32.19,30.56,37.94


1277636,25.75,24.56,26.75,27.38,32.25,30.56,38.00


1279821,25.75,24.56,26.75,27.38,32.19,30.56,38.00


1282008,25.75,24.56,26.75,27.38,32.25,30.56,37.94


1284193,25.75,24.56,26.81,27.38,32.25,30.63,37.94


1286379,25.75,24.56,26.81,27.38,32.25,30.63,37.94


1288564,25.75,24.56,26.81,27.38,32.19,30.63,38.00


1290750,25.81,24.56,26.81,27.44,32.19,30.63,38.00


1292937,25.75,24.56,26.81,27.38,32.25,30.56,38.00


1295122,25.75,24.56,26.81,27.38,32.25,30.63,38.00


1297308,25.75,24.63,26.81,27.44,32.25,30.56,37.94


1299494,25.81,24.63,26.81,27.38,32.25,30.56,38.00


1301680,25.75,24.56,26.75,27.44,32.25,30.63,38.00


1303866,25.81,24.56,26.81,27.38,32.19,30.63,38.00


1306051,25.75,24.56,26.75,27.38,32.25,30.63,38.00


1308237,25.75,24.63,26.75,27.44,32.25,30.63,38.00


1310423,25.81,24.56,26.75,27.38,32.25,30.63,38.00


1312609,25.81,24.56,26.81,27.44,32.25,30.56,38.00


1314794,25.75,24.63,26.81,27.44,32.25,30.63,38.00


1316980,25.81,24.56,26.81,27.44,32.25,30.56,38.00


1319165,25.75,24.63,26.81,27.44,32.25,30.56,38.00


1321352,25.81,24.56,26.81,27.38,32.25,30.56,38.06


1323538,25.81,24.56,26.81,27.38,32.25,30.56,38.06


1325723,25.81,24.63,26.88,27.38,32.25,30.63,38.06


1327908,25.81,24.63,26.81,27.44,32.25,30.63,38.13


1330095,25.81,24.56,26.81,27.38,32.25,30.56,38.06


1332281,25.81,24.63,26.81,27.38,32.25,30.63,38.13


1334466,25.88,24.56,26.81,27.44,32.25,30.63,38.13


1336652,25.75,24.63,26.81,27.44,32.25,30.63,38.06


1338838,25.81,24.56,26.81,27.44,32.25,30.63,38.13


1341023,25.88,24.63,26.81,27.38,32.31,30.63,38.13


1343209,25.81,24.63,26.88,27.44,32.31,30.63,38.13


1345395,25.81,24.63,26.88,27.44,32.31,30.63,38.13


1347580,25.88,24.63,26.81,27.44,32.31,30.63,38.06


1349767,25.81,24.63,26.81,27.44,32.31,30.63,38.06


1351953,25.81,24.63,26.81,27.44,32.31,30.63,38.13


1354138,25.81,24.63,26.88,27.44,32.38,30.63,38.13


1356324,25.81,24.56,26.88,27.44,32.38,30.63,38.13


1358510,25.88,24.63,26.88,27.44,32.31,30.63,38.13


1360695,25.81,24.56,26.88,27.44,32.38,30.69,38.13


1362881,25.81,24.63,26.88,27.44,32.38,30.69,38.06


1365067,25.81,24.63,26.88,27.44,32.38,30.69,38.06


1367252,25.81,24.63,26.88,27.50,32.38,30.69,38.06


1369439,25.81,24.63,26.94,27.44,32.38,30.69,38.06


1371624,25.81,24.63,26.88,27.44,32.38,30.69,38.13


1373810,25.81,24.63,26.94,27.44,32.38,30.69,38.06


1375996,25.88,24.63,26.94,27.44,32.44,30.69,38.13


1378182,25.88,24.63,26.94,27.44,32.44,30.69,38.13


1380368,25.88,24.63,26.88,27.44,32.38,30.69,38.13


1382553,25.88,24.63,26.94,27.44,32.38,30.69,38.13


1384739,25.88,24.69,26.88,27.38,32.38,30.69,38.19


1386926,25.81,24.63,26.88,27.44,32.44,30.69,38.13


1389111,25.88,24.63,26.81,27.38,32.44,30.69,38.13


1391297,25.81,24.63,26.88,27.38,32.44,30.69,38.13


1393483,25.81,24.69,26.94,27.38,32.44,30.69,38.13


1395668,25.81,24.69,26.88,27.38,32.44,30.69,38.06


1397855,25.88,24.69,26.88,27.38,32.50,30.69,38.13


1400040,25.75,24.69,26.88,27.44,32.50,30.69,38.13


1402226,25.88,24.63,26.88,27.38,32.50,30.75,38.13


1404412,25.88,24.69,26.88,27.44,32.50,30.75,38.13


1406598,25.88,24.63,26.88,27.44,32.50,30.75,38.19


1408784,25.88,24.69,26.88,27.44,32.50,30.75,38.13


1410970,25.81,24.69,26.88,27.44,32.44,30.75,38.13


1413156,25.88,24.69,26.88,27.44,32.50,30.75,38.13


1415342,25.88,24.69,26.94,27.44,32.44,30.75,38.13


1417528,25.88,24.69,26.88,27.44,32.50,30.75,38.13


1419713,25.88,24.69,26.94,27.44,32.44,30.69,38.13


1421899,25.88,24.69,26.94,27.44,32.44,30.75,38.19


1424086,25.88,24.69,26.94,27.50,32.44,30.75,38.13


1426272,25.88,24.69,26.94,27.50,32.44,30.75,38.19


1428457,25.88,24.69,26.88,27.44,32.50,30.69,38.19


1430643,25.88,24.75,26.94,27.50,32.44,30.75,38.19


1432829,25.94,24.75,26.88,27.50,32.50,30.75,38.19


1435015,25.88,24.69,26.94,27.50,32.50,30.69,38.13


1437201,25.88,24.75,26.94,27.44,32.50,30.75,38.13


1439386,25.88,24.75,26.94,27.50,32.50,30.75,38.13


1441572,25.88,24.75,26.94,27.50,32.50,30.81,38.06


1443758,25.88,24.75,26.94,27.50,32.56,30.75,38.13


1445944,25.88,24.69,26.94,27.50,32.56,30.75,38.13


1448130,25.88,24.69,26.94,27.50,32.56,30.81,38.13


1450315,25.88,24.69,27.00,27.56,32.56,30.81,38.13


1452502,25.88,24.63,26.94,27.50,32.56,30.81,38.13


1454687,25.88,24.69,26.94,27.56,32.56,30.81,38.13


1456873,25.88,24.69,27.00,27.50,32.56,30.81,38.19


1459059,25.88,24.69,27.00,27.56,32.56,30.75,38.19


1461244,25.88,24.69,27.00,27.56,32.56,30.81,38.19


1463431,25.88,24.69,27.00,27.50,32.63,30.81,38.13


1465617,25.88,24.75,26.94,27.56,32.63,30.81,38.19


1467803,25.94,24.75,27.00,27.56,32.63,30.81,38.19


1469988,25.88,24.69,26.94,27.56,32.63,30.81,38.19


1472175,25.94,24.69,27.00,27.56,32.63,30.81,38.25


1474360,25.88,24.69,27.00,27.56,32.63,30.81,38.19


1476546,25.88,24.69,27.00,27.56,32.63,30.81,38.25

1478732,25.94,24.75,27.00,27.56,32.63,30.81,38.25


1480918,25.88,24.69,27.00,27.56,32.63,30.88,38.25


1483104,25.94,24.75,27.00,27.63,32.63,30.88,38.25


1485290,25.94,24.75,27.00,27.56,32.56,30.88,38.19


1487475,25.88,24.75,27.00,27.63,32.56,30.88,38.25


1489661,25.94,24.75,27.00,27.56,32.56,30.88,38.25


1491848,25.94,24.69,27.00,27.56,32.56,30.88,38.25


1494033,25.94,24.75,27.00,27.56,32.56,30.81,38.25


1496219,25.94,24.75,27.00,27.56,32.56,30.81,38.31


1498405,25.94,24.75,27.00,27.56,32.56,30.81,38.31


1500591,26.00,24.69,27.00,27.56,32.56,30.81,38.31


1502777,25.94,24.75,27.00,27.56,32.56,30.81,38.31


1504962,25.94,24.75,27.00,27.56,32.56,30.81,38.31


1507148,26.00,24.75,27.00,27.56,32.56,30.88,38.31


1509335,26.00,24.75,27.00,27.56,32.56,30.81,38.31


1511520,25.94,24.75,26.94,27.56,32.56,30.88,38.31


1513706,25.94,24.75,27.00,27.56,32.56,30.81,38.38


1515891,25.94,24.75,26.94,27.56,32.56,30.88,38.38


1518077,25.94,24.75,27.00,27.56,32.56,30.88,38.38


1520264,26.00,24.75,27.00,27.56,32.63,30.88,38.38


1522449,25.94,24.75,27.00,27.56,32.63,30.88,38.31


1524635,25.94,24.75,27.00,27.56,32.63,30.88,38.31


1526821,26.00,24.75,27.06,27.56,32.69,30.94,38.31


1529008,25.94,24.81,27.06,27.56,32.69,30.94,38.31


1531194,25.94,24.75,27.00,27.56,32.63,30.94,38.38


1533379,26.00,24.75,27.00,27.63,32.69,30.94,38.38


1535565,26.00,24.75,27.06,27.56,32.69,30.94,38.38


1537752,26.00,24.75,27.06,27.56,32.63,30.94,38.38


1539938,26.00,24.75,27.06,27.50,32.69,30.94,38.38


1542123,26.00,24.75,27.06,27.56,32.75,30.94,38.38


1544309,26.06,24.75,27.06,27.56,32.75,30.94,38.38


1546496,26.00,24.75,27.00,27.56,32.75,30.94,38.38


1548682,26.00,24.81,27.06,27.56,32.81,30.94,38.38


1550868,26.00,24.81,27.00,27.56,32.81,30.94,38.38


1553053,26.00,24.81,27.06,27.56,32.81,31.00,38.44


1555239,26.00,24.81,27.06,27.63,32.81,31.00,38.44


1557426,26.00,24.81,27.06,27.56,32.88,31.00,38.44


1559612,26.00,24.81,27.06,27.56,32.94,31.00,38.44


1561798,26.00,24.81,27.06,27.56,32.94,31.00,38.38


1563983,26.06,24.81,27.06,27.63,32.88,31.06,38.44


1566170,26.00,24.75,27.06,27.63,32.88,31.06,38.50


1568356,26.06,24.81,27.06,27.63,33.00,31.00,38.50


1570542,26.06,24.81,27.06,27.63,32.94,31.06,38.50


1572728,26.06,24.81,27.06,27.63,32.94,31.06,38.50


1574914,26.00,24.81,27.06,27.63,32.94,31.00,38.50


1577100,26.00,24.81,27.06,27.63,32.94,31.06,38.50


1579286,26.06,24.81,27.06,27.63,32.94,31.00,38.50

1581472,26.00,24.81,27.13,27.63,32.88,31.00,38.44


1583657,26.00,24.81,27.13,27.69,32.94,31.00,38.44


1585844,26.00,24.88,27.13,27.56,32.94,31.00,38.44


1588030,26.00,24.81,27.06,27.63,32.88,31.06,38.38


1590216,26.00,24.88,27.13,27.63,32.94,31.06,38.44


1592401,26.00,24.81,27.13,27.63,32.94,31.06,38.44


1594588,26.00,24.88,27.06,27.63,32.94,31.06,38.44


1596774,26.06,24.88,27.13,27.63,32.94,31.06,38.44


1598960,26.06,24.88,27.13,27.69,33.00,31.06,38.44


1601146,26.00,24.88,27.06,27.63,33.06,31.06,38.44


1603332,26.06,24.94,27.13,27.63,33.00,31.06,38.50


1605518,26.06,24.88,27.13,27.63,33.00,31.06,38.50


1607704,26.00,24.81,27.13,27.63,33.00,31.06,38.50


1609890,26.06,24.81,27.13,27.63,32.94,31.06,38.50


1612077,26.06,24.88,27.13,27.63,33.00,31.00,38.50


1614263,26.00,24.88,27.13,27.63,33.00,31.06,38.44


1616449,26.06,24.88,27.13,27.63,33.00,31.06,38.50

1618634,26.00,24.88,27.06,27.69,33.00,31.06,38.50


1620820,26.06,24.88,27.13,27.63,33.00,31.00,38.50


1623007,26.06,24.88,27.06,27.69,33.00,31.06,38.44


1625193,26.06,24.81,27.13,27.69,33.00,31.06,38.50


1627379,26.06,24.88,27.06,27.69,33.00,31.06,38.50


1629565,26.06,24.88,27.13,27.69,33.00,31.13,38.50

1631751,26.06,24.88,27.13,27.69,33.06,31.06,38.44


1633937,26.06,24.88,27.13,27.69,33.00,31.06,38.44


1636123,26.06,24.81,27.13,27.69,33.00,31.06,38.50


1638308,26.06,24.88,27.13,27.69,33.00,31.13,38.44


1640495,26.06,24.88,27.19,27.69,33.00,31.06,38.44


1642681,26.06,24.88,27.19,27.69,33.00,31.13,38.44


1644867,26.06,24.88,27.19,27.69,33.06,31.13,38.44


1647053,26.13,24.88,27.13,27.75,33.00,31.13,38.44


1649240,26.13,24.88,27.19,27.69,33.06,31.13,38.50


1651426,26.13,24.88,27.19,27.69,33.06,31.13,38.50


1653612,26.13,24.88,27.19,27.75,33.00,31.13,38.50


1655797,26.13,24.88,27.13,27.75,33.00,31.13,38.50


1657984,26.13,24.88,27.19,27.75,33.00,31.13,38.50


1660170,26.13,24.88,27.19,27.75,33.00,31.13,38.50


1662356,26.13,24.88,27.25,27.75,33.00,31.13,38.50


1664542,26.13,24.94,27.19,27.75,33.00,31.13,38.50


1666727,26.19,24.94,27.19,27.75,33.00,31.13,38.50


1668914,26.13,24.88,27.19,27.75,33.00,31.13,38.56


1671100,26.13,24.88,27.19,27.75,32.94,31.13,38.56


1673286,26.06,24.88,27.13,27.75,32.94,31.13,38.56


1675472,26.06,24.88,27.19,27.75,32.94,31.13,38.50


1677659,26.13,24.94,27.19,27.75,32.94,31.13,38.56

1679844,26.13,24.88,27.19,27.75,32.94,31.13,38.56


1682030,26.13,24.94,27.19,27.75,32.94,31.13,38.56


1684216,26.13,24.94,27.19,27.75,32.94,31.13,38.56


1686403,26.13,24.94,27.19,27.75,32.94,31.13,38.56


1688589,26.13,24.94,27.13,27.75,32.94,31.13,38.56


1690774,26.13,24.88,27.19,27.75,32.94,31.13,38.56

1692960,26.13,24.94,27.19,27.75,32.94,31.13,38.56
1695147,26.13,24.94,27.13,27.81,32.94,31.13,38.56
1697333,26.13,24.94,27.19,27.81,32.94,31.13,38.56

1699519,26.13,24.94,27.19,27.75,33.00,31.06,38.56


1701705,26.13,24.88,27.25,27.75,32.94,31.13,38.56


1703890,26.13,24.94,27.19,27.81,32.94,31.13,38.50


1706077,26.13,24.88,27.25,27.81,32.94,31.13,38.50


1708263,26.13,24.94,27.25,27.81,33.00,31.13,38.44


1710449,26.13,24.88,27.25,27.81,33.00,31.13,38.50


1712634,26.19,24.94,27.25,27.81,33.00,31.13,38.44


1714821,26.19,24.94,27.25,27.81,33.00,31.13,38.44


1717007,26.19,24.88,27.25,27.81,33.00,31.13,38.50


1719193,26.19,24.94,27.25,27.88,33.00,31.13,38.44


1721379,26.19,24.94,27.25,27.81,33.00,31.13,38.50


1723565,26.13,24.94,27.19,27.81,33.00,31.13,38.50


1725751,26.19,24.94,27.25,27.81,33.06,31.13,38.50


1727937,26.13,24.94,27.25,27.81,33.00,31.13,38.44


1730122,26.13,24.94,27.25,27.81,33.00,31.13,38.50


1732308,26.13,24.94,27.25,27.81,33.00,31.13,38.50


1734495,26.19,24.88,27.19,27.81,32.94,31.06,38.50


1736681,26.13,24.94,27.19,27.81,32.94,31.13,38.50


1738867,26.13,24.94,27.25,27.75,33.00,31.06,38.50


1741053,26.19,24.94,27.19,27.75,32.94,31.06,38.56


1743239,26.19,24.94,27.19,27.81,32.94,31.06,38.56


1745425,26.13,25.00,27.19,27.81,32.94,31.06,38.56


1747611,26.13,24.94,27.19,27.81,32.94,31.06,38.56


1749797,26.13,24.94,27.19,27.75,32.94,31.06,38.56


1751984,26.13,24.94,27.19,27.81,32.94,31.06,38.56


1754170,26.13,24.94,27.19,27.81,32.94,31.13,38.56


1756356,26.13,24.94,27.19,27.81,32.94,31.13,38.63


1758541,26.19,24.94,27.19,27.81,32.94,31.06,38.56


1760728,26.19,24.88,27.19,27.81,33.00,31.13,38.56


1762914,26.19,24.94,27.25,27.81,33.00,31.13,38.56


1765100,26.13,24.94,27.19,27.81,33.00,31.06,38.56


1767286,26.19,24.88,27.19,27.81,33.00,31.06,38.56


1769472,26.19,24.94,27.25,27.81,33.00,31.13,38.63

